{
    "info": {
        "description": "RG Invitational API",
        "title": "Swagger",
        "version": "1.0.0"
    },
    "host": "localhost:8080",
    "basePath": "",
    "produces": [
        "application/json"
    ],
    "schemes": [
        "http",
        "https"
    ],
    "securityDefinitions": {
        "JWT": {
            "type": "apiKey",
            "in": "header",
            "name": "Authorization",
            "description": ""
        }
    },
    "swagger": "2.0",
    "paths": {
        "/api/participants": {
            "get": {
                "parameters": [],
                "description": "Get all participants.",
                "tags": [
                    "participants"
                ],
                "responses": {
                    "200": {
                        "description": "An array of participants",
                        "schema": {
                            "type": "array",
                            "items": {
                                "$ref": "#/definitions/ParticipantInfo"
                            }
                        }
                    },
                    "default": {
                        "description": "Unexpected error"
                    }
                },
                "produces": [
                    "application/json"
                ]
            },
            "post": {
                "parameters": [
                    {
                        "name": "participant",
                        "in": "body",
                        "description": "the new participant",
                        "required": true,
                        "schema": {
                            "$ref": "#/definitions/ParticipantInfo"
                        }
                    }
                ],
                "description": "Post participant.",
                "tags": [
                    "participants"
                ],
                "responses": {
                    "201": {
                        "description": "Participant"
                    }
                },
                "produces": [
                    "application/json"
                ],
                "consumes": [
                    "application/json"
                ],
                "security": [
                    {
                        "JWT": []
                    }
                ]
            }
        },
        "/api/participants/{id}": {
            "get": {
                "parameters": [
                    {
                        "name": "path",
                        "in": "id",
                        "description": "application id of participant",
                        "required": true,
                        "type": "integer"
                    }
                ],
                "description": "Get participant by id.",
                "tags": [
                    "participants"
                ],
                "responses": {
                    "200": {
                        "description": "Participant"
                    }
                },
                "produces": [
                    "application/json"
                ]
            }
        },
        "/api/participants/:id": {
            "put": {
                "parameters": [
                    {
                        "name": "participant",
                        "in": "body",
                        "description": "the updating participant",
                        "required": true,
                        "schema": {
                            "$ref": "#/definitions/ParticipantInfo"
                        }
                    },
                    {
                        "name": "req",
                        "in": "param",
                        "description": "application id of participant",
                        "required": false,
                        "type": "int"
                    }
                ],
                "description": "PUT participant.",
                "tags": [
                    "participants"
                ],
                "responses": {
                    "200": {
                        "description": "Participant"
                    }
                },
                "produces": [
                    "application/json"
                ],
                "consumes": [
                    "application/json"
                ],
                "security": [
                    {
                        "JWT": []
                    }
                ]
            },
            "delete": {
                "parameters": [
                    {
                        "name": "req",
                        "in": "param",
                        "description": "application id of participant",
                        "required": false,
                        "type": "int"
                    }
                ],
                "description": "DELETE participant.",
                "tags": [
                    "participants"
                ],
                "responses": {
                    "200": {
                        "description": "Participant"
                    }
                },
                "produces": [
                    "application/json"
                ],
                "consumes": [
                    "application/json"
                ],
                "security": [
                    {
                        "JWT": []
                    }
                ]
            }
        }
    },
    "definitions": {
        "Name": {
            "required": [
                "first",
                "last"
            ],
            "properties": {
                "first": {
                    "type": "string",
                    "description": ""
                },
                "last": {
                    "type": "string",
                    "description": ""
                }
            }
        },
        "ParticipantInfo": {
            "required": [
                "name",
                "team"
            ],
            "properties": {
                "id": {
                    "type": "integer",
                    "description": ""
                },
                "name": {
                    "type": "Name",
                    "description": ""
                },
                "team": {
                    "type": "string",
                    "description": ""
                }
            }
        },
        "Error": {
            "required": [
                "code"
            ],
            "properties": {
                "code": {
                    "type": "string",
                    "description": ""
                }
            }
        }
    },
    "responses": {},
    "parameters": {},
    "tags": [
        {
            "name": "participants",
            "description": ""
        }
    ]
}